{
    "steps_taken":              2100000,
    "remaining_steps":          900000,
    "scores":                   [604.6666666666666, 685.0, 950.3333333333334, 985.3333333333334, 1056.3333333333333, 1186.0, 1134.3333333333333, 817.6666666666666, 1135.0, 1350.3333333333333, 1443.6666666666667, 1411.3333333333333, 1664.0, 1999.0, 2489.3333333333335, 1389.3333333333333, 1384.3333333333333, 2235.3333333333335, 1553.6666666666667, 1550.6666666666667, 1713.6666666666667]
}